,Sample.Size,MultiplierBoot.Gauss,Time.MultiplierBoot
1,200,0.44,5.394166708
2,300,0.5,5.722421408
3,400,0.68,5.512299061
4,500,0.7,7.835178375
5,600,0.83,11.69390082
6,700,0.87,17.82582331
