"","result.1","result.2","result.3","result.4","result.5","result.6","result.7","result.8","result.9","result.10","result.11"
"1",0.016,0.04,0.036,0.062,0.046,0.0780000000000001,0.0660000000000001,0.0980000000000001,0.11,0.154,0.172
