,Sample.Size,Permutation.Gauss,Time.Permutation
1,200,0.42,483.7005882
2,300,0.49,1103.248262
3,400,0.56,2248.318866
4,500,0.67,3995.380174
5,600,0.85,6530.468661
6,700,0.84,10073.896
