,Sample.Size,Permutation.Gauss,Time.Permutation
1,2,0.05,476.4920847
2,5,0.04,496.9687059
3,10,0.13,467.8616164
4,20,0.19,427.0087018
5,50,0.33,466.4092958
6,100,0.7,526.3679142
7,150,0.87,491.5160592
8,200,0.94,513.2661779
9,300,1,568.5383904
