,Sample.Size,MultiplierBoot.Gauss,Time.MultiplierBoot
1,200,0.08,8.233324051
2,300,0.05,8.564852238
3,400,0.08,8.372355223
4,500,0.02,9.325950861
5,600,0.07,12.89112568
6,700,0.04,17.58268738
