,Sample.Size,MultiplierBoot.Gauss,Time.MultiplierBoot
1,200,0.42,9.419898033
2,300,0.51,9.654267073
3,400,0.57,10.45628238
4,500,0.66,11.52636456
5,600,0.79,16.7780571
6,700,0.91,23.54238319
