,Sample.Size,Permutation.Gauss,Time.Permutation
1,200,0.06,50.50509572
2,300,0.08,128.9478893
3,400,0.08,230.2727642
4,500,0.08,417.8673389
5,600,0.07,683.3298414
6,700,0.04,1037.630342
