,Sample.Size,Permutation.Gauss,Time.Permutation
1,200,0.43,48.18759155
2,300,0.45,122.5404596
3,400,0.56,258.8850944
4,500,0.68,423.7225187
5,600,0.87,676.6761138
6,700,0.86,1045.71058
