,"Sample.Size","Permutation.Gauss","MultiplierBoot.Gauss","Time.Permutation","Time.MultiplierBoot"
"1","2","0.05","0.06","524.266815662384","5.26627635955811"
"2","5","0.06","0.02","595.697469472885","4.71222925186157"
"3","10","0.07","0.03","482.052208662033","5.3259129524231"
"4","20","0.04","0.01","447.973002910614","5.18762874603271"
"5","50","0.05","0.03","574.161143064499","5.88751268386841"
"6","100","0.02","0.05","537.010311603546","7.27901101112366"
"7","150","0.04","0.02","511.230557918549","9.61739373207092"
"8","200","0.05","0.03","545.27299785614","12.9030902385712"
"9","300","0.06","0.04","689.715765237808","15.5322823524475"
