"","Sample.Size","Permutation.Gauss","MultiplierBoot.Gauss","Time.Permutation","Time.MultiplierBoot"
"1",2,0.06,0.06,1095.36684012413,6.41270112991333
"2",5,0.05,0.05,1083.39789295197,6.11692690849304
"3",10,0.06,0.04,1076.68451333046,5.92239141464233
"4",20,0.08,0.03,1079.68674612045,6.35798192024231
"5",50,0.04,0.02,1106.3493885994,8.05209136009216
"6",100,0.03,0.06,1187.26068592072,10.3470494747162
"7",150,0.06,0.04,1188.69048523903,11.5073521137238
"8",200,0.04,0.05,1222.38469624519,14.1562209129333
"9",300,0.03,0.04,1333.93031811714,21.0550308227539
