,Sample.Size,MultiplierBoot.Gauss,Time.MultiplierBoot
1,200,0.04,4.687731743
2,300,0.03,5.230787277
3,400,0.06,6.324299574
4,500,0.06,8.558452606
5,600,0.05,12.67262626
6,700,0.06,18.79800558
