,Sample.Size,MultiplierBoot.Gauss,Time.MultiplierBoot
1,2,0.1,5.523412943
2,5,0.03,4.89262557
3,10,0.06,4.204216003
4,20,0.15,5.273091078
5,50,0.4,6.437594414
6,100,0.63,7.695759773
7,150,0.8,8.923560858
8,200,0.9,10.59234953
9,300,1,16.36319685
