,Sample.Size,Permutation.Gauss,Time.Permutation
1,200,0.06,459.6741674
2,300,0.06,1105.195774
3,400,0.07,2246.26099
4,500,0.06,4012.692458
5,600,0.04,6530.382088
6,700,0.05,10148.88393
