,Sample.Size,Permutation.Gauss,Time.Permutation
1,2,0.06,1095.073893
2,5,0.11,1080.093853
3,10,0.12,1084.524403
4,20,0.29,1074.104146
5,50,0.65,1145.307395
6,100,0.85,1219.39405
7,150,0.98,1243.976717
8,200,1,1242.91264
9,300,1,1355.281177
