,Sample.Size,MultiplierBoot.Gauss,Time.MultiplierBoot
1,2,0.08,3.592810869
2,5,0.09,3.823943615
3,10,0.13,3.593913555
4,20,0.22,4.731199741
5,50,0.49,7.587576628
6,100,0.83,9.522794008
7,150,0.94,12.78481364
8,200,0.97,14.04984045
9,300,1,20.5876255
